Payments,Blockchain,Trading & Investment,Planning,Lending,Big Data,Security
banking,market,marketing,financial ,banking,financial ,marketing
market,financial ,insurance,visualization,financial ,data,Insurance
financial ,data,financial ,service,data,payment,financial 
data,payment,digital,regulatory,payment,digital,digital
payment,digital,retail,infrastructure,digital,database,technology
digital,database,mobile,efficiency,database,technology,cryptocurrency
database,technology,liquidation,optimization,retail,fund,fund
cryptocurrency,cryptocurrency,wealth management,prototyping,interest,interest,retail
fund,credit card,service,modelling,mobile,mobile,mobile
retail,regulatory,regulatory,reducing,network,prediction,network
interest,infrastructure,transparency,revaluation,asset,ecosystem,asset
mobile,analysis,efficiency,saas,liquidation,service,service
network,offer,offer,tax,credit card,regulatory,regulatory
asset,digitization,verification,diligence,merger,offer,infrastructure
liquidation,remittance,capitalise,liablity,visualization,verification,efficiency
credit card,authentication,subsidized,solution,prediction,remittance,digitization
wealth management,innovation,remittance,institution,ecosystem,analysis,keys
ecosystem,optimization,authentication,crowdfunding,regulatory,encryption,verification
service,forecast,wealth,online,trade,innovation,authentication
regulatory,prototyping,exchange,process,offer,optimization,encryption
transparency,modelling,revaluation,product,verification,forecast,wealth
offer,revaluation,dispute,platform,capitalise,prototyping,innovation
digitization,dispute,saas,connect,subsidized,modelling,optimization
verification,liablity,diligence,custom,remittance,exchange,prototyping
remittance,development,liablity,managing,underwriting,saas,mortage
underwriting,solution,global,future,analysis,solution,revaluation
economy,global,collateral,path,authentication,crowdfunding,dispute
authentication,ledger,validation,forum,wealth,online,saas
encryption,online,process,simulation,innovation,analytic,liablity
loan,liquidity,managing,,optimization,process,solution
optimization,collateral,path,,forecast,product,global
modelling,validation,technology,,prototyping,identity,crowdfunding
exchange,process,transaction,,exchange,platform,online
dispute,risk,revenue,,reducing,connect,fraud
saas,platform,,,mortage,custom,process
diligence,connect,,,revaluation,adoption,identity
liablity,adoption,,,dispute,managing,platform
solution,managing,,,saas,future,connect
global,future,,,diligence,path,custom
crowdfunding,forum,,,liablity,forum,managing
ledger,cyber,,,solution,,future
online,,,,crowdfunding,cyber,
liquidity,,,,online,,
fraud,,,,liquidity,,
vaildation,,,,collateral,,
process,,,,process,,
product,,,,identity,,
platform,,,,risk,,
adoption,,,,platform,,
managing,,,,investment,,
forum,,,,managing,,
technology,,,,future,,
transaction,,,,path,,
identity,,,,,,