  ,Payments 
,banking
,market
,financials 
,data
,payment
,digital
,database
,cryptocurrency
,fund
,retail
,intrest
,mobile
,network
,assets
,liquidation
,credit card
,wealth management
,ecosystems
,service
,regulatory
,transparency
,offer
,digitization
,verification
,remittances
,underwriting
,analysis
,economy
,authentication
,encryption
,innovation
,loan
,optimization
,prototyping
,modelling
,exchange
,financing
,prediction
,dispute
,saas
,diligence
,liablity
,solution
,global
,crowdfunding
,ledger
,online
,liquidity
,fraud
,vaildation
,analytic
,process
,product
,platform
,connect
,increases
,adoption
,managing
,future
,paths
,forum
,technology
,transaction
,identity
,Blockchain
,predictions
,trade
,investor
,infrastructure
,capitalise
,wealth
,forecast
,revaluation
,development
,collateral
,validation
,risk
,customs
,marketing
,insurance
,efficiency
,subsidized
,investment
,Planning
,visualization
,reducing
,tax
,institution
,Security
,keys
,mortage
,Big Data
,identity 
,wealth
,growth
,artifical intiligence 
,revenue
,cyber
