  ,Payments ,Blockchain,trade,Planning,Lending ,Big Data,Security
,banking,market,banking,marketing,banking,financials ,marketing
,market,financials ,marketing,financials ,market,data,Insurance
,financials ,data,insurance,data,financials ,payment,financials 
,data,payment,financials ,payment,data,digital,data
,payment,digital,data,digital,payment,database,payment
,digital,database,payment,database,digital,technology,digital
,database,technology,digital,intrest,database,fund,database
,cryptocurrency,cryptocurrency,database,mobile,fund,intrest,technology
,fund,retail,fund,network,retail,mobile,cryptocurrency
,retail,intrest,retail,adoption,intrest,network,fund
,intrest,mobile,intrest,visualization,mobile,predictions,retail
,mobile,network,mobile,predictions,network,ecosystems,intrest
,network,assets,network,ecosystems,assets,service,mobile
,assets,credit card,liquidation,service,liquidation,regulatory,network
,liquidation,predictions,wealth management,regulatory,credit card,trade,assets
,credit card,ecosystems,predictions,infrastructure,merger,investor,investor
,wealth management,service,ecosystems,analysis,visualization,offer,predictions
,ecosystems,regulatory,service,efficiency,predictions,verification,ecosystems
,service,trade,regulatory,offer,ecosystems,remittances,service
,regulatory,investor,trade,verification,service,analysis,regulatory
,transparency,infrastructure,investor,capitalise,regulatory,encryption,trade
,offer,analysis,transparency,analysis,trade,innovation,investor
,digitization,offer,analysis,wealth,investor,optimization,infrastructure
,verification,digitization,efficiency,innovation,offer,forecast,efficiency
,remittances,verification,offer,marketing,verification,prototyping,offer
,underwriting,capitalise,digitization,loan,capitalise,modelling,digitization
,analysis,remittances,verification,optimization,subsidized,exchange,keys
,economy,analysis,capitalise,forecast,remittances,prediction,verification
,authentication,authentication,subsidized,prototyping,underwriting,encryption,analysis
,encryption,encryption,remittances,modelling,analysis,saas,authentication
,innovation,wealth,underwriting,reducing,authentication,diligence,encryption
,loan,innovation,analysis,prediction,wealth,solution,wealth
,optimization,loan,authentication,revaluation,innovation,crowdfunding,innovation
,prototyping,optimization,wealth,saas,loan,online,marketing
,modelling,forecast,innovation,tax,optimization,analytic,loan
,exchange,prototyping,marketing,diligence,forecast,process,optimization
,financing,modelling,loan,liablity,prototyping,product,prototyping
,verification,exchange,optimization,development,exchange,identity,financing
,prediction,financing,forecast,solution,reducing,regulatory,mortage
,dispute,verification,prototyping,institution,mortage,platform,verification
,encryption,prediction,modelling,crowdfunding,revaluation,connect,prediction
,saas,revaluation,exchange,online,dispute,customs,revaluation
,diligence,dispute,financing,fraud,saas,increases,dispute
,liablity,encryption,prediction,analytic,diligence,adoption,saas
,solution,saas,revaluation,process,liablity,managing,diligence
,global,diligence,dispute,product,solution,future,liablity
,crowdfunding,liablity,encryption,regulatory,institution,paths,solution
,ledger,development,saas,platform,crowdfunding,forum,global
,online,solution,diligence,connect,online,technology,institution
,liquidity,global,liablity,customs,liquidity,transaction,crowdfunding
,fraud,crowdfunding,solution,increases,collateral,identity ,online
,vaildation,ledger,global,managing,process,,fraud
,analytic,online,crowdfunding,future,identity,,process
,process,liquidity,ledger,paths,risk,,identity
,product,collateral,online,forum,regulatory,,regulatory
,regulatory,validation,collateral,technology,platform,,platform
,platform,process,validation,,connect,,connect
,connect,identity,process,,investment,,customs
,increases,risk,product,,increases,,investment
,adoption,regulatory,identity,,managing,,increases
,managing,platform,risk,,future,,managing
,future,connect,regulatory,,paths,,future
,paths,customs,platform,,technology,,paths
,forum,increases,connect,,identity,,technology
,technology,adoption,customs,,,,identity
,transaction,managing,investment,,,,
,identity,future,increases,,,,
,,paths,managing,,,,
,,forum,paths,,,,
,,technology,technology,,,,
,,transaction,transaction,,,,
,,identity,,,,,